{
    "stages":           [1,2,3,4],
    "cell_type":	"diamond",
    "super_cell":	[1, 1, 1],
    "elements":		["H","C"],
    "from_poscar":	true,
    "from_poscar_path":	"./CH4.POSCAR",
    "potcars":		["../run/POTCAR_H", "../run/POTCAR_C"],
    "relax_incar": 	"./INCAR_methane.rlx",
    "md_incar" : 	"./INCAR_methane.md",
    "scale":		[1.00],
    "skip_relax":	false,
    "pert_numb":	30,
    "md_nstep" : 	10,
    "pert_box":		0.03,
    "pert_atom":	0.01,
    "coll_ndata":	5000,
    "_comment":		"that's all"
}